{
    "QUESTIONS": 1639,
    "TIME": 18360.408247709274,
    "TIME PER QUESTION": 11.202201493416275,
    "SPARQL_CALLS": 66599,
    "SPARQL_TIME": 1067.8281686306,
    "LLM_CALLS": 11734,
    "LLM_TIME": 17098.725947141647,
    "LLM_INPUTS": 10150762,
    "LLM_OUTPUTS": 729419
}