{
    "QUESTIONS": 153,
    "TIME": 5364.734564781189,
    "TIME PER QUESTION": 35.063624606413,
    "SPARQL_CALLS": 7610,
    "SPARQL_TIME": 2803.2136466503143,
    "LLM_CALLS": 1746,
    "LLM_TIME": 2463.546585559845,
    "LLM_INPUTS": 1163407,
    "LLM_OUTPUTS": 122224
}