{
    "QUESTIONS": 151,
    "TIME": 1692.6078202724457,
    "TIME PER QUESTION": 11.209323313062555,
    "SPARQL_CALLS": 5041,
    "SPARQL_TIME": 136.1386013031006,
    "LLM_CALLS": 1158,
    "LLM_TIME": 1522.611081123352,
    "LLM_INPUTS": 713988,
    "LLM_OUTPUTS": 63978
}