{
    "QUESTIONS": 3536,
    "TIME": 63030.34846663475,
    "TIME PER QUESTION": 17.825324792600327,
    "SPARQL_CALLS": 257964,
    "SPARQL_TIME": 8066.065843105316,
    "LLM_CALLS": 40748,
    "LLM_TIME": 53085.516778469086,
    "LLM_INPUTS": 31380052,
    "LLM_OUTPUTS": 2498834
}