{
    "QUESTIONS": 399,
    "TIME": 10850.761467933655,
    "TIME PER QUESTION": 27.194890897076828,
    "SPARQL_CALLS": 19378,
    "SPARQL_TIME": 6275.683329105377,
    "LLM_CALLS": 4168,
    "LLM_TIME": 4382.8519287109375,
    "LLM_INPUTS": 2882332,
    "LLM_OUTPUTS": 217268
}