{
    "QUESTIONS": 1009,
    "TIME": 15062.038729906082,
    "TIME PER QUESTION": 14.927689524188386,
    "SPARQL_CALLS": 49753,
    "SPARQL_TIME": 741.0237820148468,
    "LLM_CALLS": 10754,
    "LLM_TIME": 14183.807904720306,
    "LLM_INPUTS": 6038449,
    "LLM_OUTPUTS": 630425
}