{
    "QUESTIONS": 101,
    "TIME": 1702.5901200771332,
    "TIME PER QUESTION": 16.857327921555775,
    "SPARQL_CALLS": 2185,
    "SPARQL_TIME": 308.9481008052826,
    "LLM_CALLS": 1086,
    "LLM_TIME": 1393.0248613357544,
    "LLM_INPUTS": 531894,
    "LLM_OUTPUTS": 54123
}