{
    "total": 3531,
    "total_valid": 3162,
    "invalid_gold_queries": 0,
    "empty_gold_queries": 369,
    "total_tp": 2311,
    "total_fp": 17871,
    "total_fn": 1337,
    "total_exact_match": 796,
    "total_macro_f1": 1018.6138803157253,
    "total_macro_precision": 989.0880077839718,
    "total_macro_recall": 1198.085256163774,
    "total_hits_at_1": 1002,
    "total_hits": 1254,
    "total_lax_hits": 1270,
    "total_laxxer_hits": 1318,
    "total_time": 16082.493619441986,
    "total_sparql_calls": 0,
    "total_sparql_time": 0,
    "total_llm_calls": 3162,
    "total_llm_time": 13761.53290438652,
    "total_llm_inputs": 16179463,
    "total_llm_outputs": 669029,
    "exact_match": 0.25173940543959517,
    "f1": 0.32214227713969806,
    "precision": 0.31280455654142053,
    "recall": 0.37890109303092157,
    "hits_at_1": 0.31688804554079697,
    "hits": 0.396584440227704,
    "lax_hits": 0.40164452877925366,
    "laxxer_hits": 0.4168247944339026,
    "average_time_per_question": 5.086177615256795,
    "average_sparql_calls_per_question": 0.0,
    "average_sparql_time_per_question": 0.0,
    "average_llm_calls_per_question": 1.0,
    "average_llm_time_per_question": 4.352160943828754,
    "average_llm_inputs_per_question": 5116.844718532574,
    "average_llm_outputs_per_question": 211.58412397216952
}