{
    "total": 3531,
    "total_valid": 3162,
    "invalid_gold_queries": 0,
    "empty_gold_queries": 369,
    "total_tp": 2019,
    "total_fp": 1738,
    "total_fn": 1671,
    "total_exact_match": 661,
    "total_macro_f1": 875.6169080017078,
    "total_macro_precision": 847.9747879780741,
    "total_macro_recall": 1047.4250422823684,
    "total_hits_at_1": 863,
    "total_hits": 1102,
    "total_lax_hits": 1117,
    "total_laxxer_hits": 1166,
    "total_time": 16177.989615440369,
    "total_sparql_calls": 0,
    "total_sparql_time": 0,
    "total_llm_calls": 3162,
    "total_llm_time": 13859.80276465416,
    "total_llm_inputs": 16162668,
    "total_llm_outputs": 671767,
    "exact_match": 0.209044908285895,
    "f1": 0.27691869323267165,
    "precision": 0.26817671979066227,
    "recall": 0.3312539665662139,
    "hits_at_1": 0.2729285262492094,
    "hits": 0.3485135989879823,
    "lax_hits": 0.3532574320050601,
    "laxxer_hits": 0.3687539531941809,
    "average_time_per_question": 5.116378752511186,
    "average_sparql_calls_per_question": 0.0,
    "average_sparql_time_per_question": 0.0,
    "average_llm_calls_per_question": 1.0,
    "average_llm_time_per_question": 4.383239331010171,
    "average_llm_inputs_per_question": 5111.53320683112,
    "average_llm_outputs_per_question": 212.45003162555344
}