{
    "total": 1000,
    "total_valid": 999,
    "invalid_gold_queries": 0,
    "empty_gold_queries": 1,
    "total_tp": 4805,
    "total_fp": 67505,
    "total_fn": 22670,
    "total_exact_match": 189,
    "total_macro_f1": 310.4352854998252,
    "total_macro_precision": 306.77016498103103,
    "total_macro_recall": 422.5457247998271,
    "total_hits_at_1": 313,
    "total_hits": 491,
    "total_lax_hits": 516,
    "total_laxxer_hits": 560,
    "total_time": 3834.201780796051,
    "total_sparql_calls": 0,
    "total_sparql_time": 0,
    "total_llm_calls": 999,
    "total_llm_time": 3661.7117195129395,
    "total_llm_inputs": 3319303,
    "total_llm_outputs": 158468,
    "exact_match": 0.1891891891891892,
    "f1": 0.3107460315313566,
    "precision": 0.3070772422232543,
    "recall": 0.42296869349332045,
    "hits_at_1": 0.3133133133133133,
    "hits": 0.4914914914914915,
    "lax_hits": 0.5165165165165165,
    "laxxer_hits": 0.5605605605605606,
    "average_time_per_question": 3.8380398206166677,
    "average_sparql_calls_per_question": 0.0,
    "average_sparql_time_per_question": 0.0,
    "average_llm_calls_per_question": 1.0,
    "average_llm_time_per_question": 3.665377096609549,
    "average_llm_inputs_per_question": 3322.6256256256256,
    "average_llm_outputs_per_question": 158.62662662662663
}