{
    "total": 1000,
    "total_valid": 999,
    "invalid_gold_queries": 0,
    "empty_gold_queries": 1,
    "total_tp": 2982,
    "total_fp": 27986,
    "total_fn": 12290,
    "total_exact_match": 187,
    "total_macro_f1": 312.297602884594,
    "total_macro_precision": 309.11451821963993,
    "total_macro_recall": 425.6395931814605,
    "total_hits_at_1": 320,
    "total_hits": 494,
    "total_lax_hits": 525,
    "total_laxxer_hits": 572,
    "total_time": 3739.150626897812,
    "total_sparql_calls": 0,
    "total_sparql_time": 0,
    "total_llm_calls": 999,
    "total_llm_time": 3576.8401551246643,
    "total_llm_inputs": 3325514,
    "total_llm_outputs": 157773,
    "exact_match": 0.1871871871871872,
    "f1": 0.3126102130976917,
    "precision": 0.30942394216180175,
    "recall": 0.4260656588403008,
    "hits_at_1": 0.3203203203203203,
    "hits": 0.4944944944944945,
    "lax_hits": 0.5255255255255256,
    "laxxer_hits": 0.5725725725725725,
    "average_time_per_question": 3.7428935204182303,
    "average_sparql_calls_per_question": 0.0,
    "average_sparql_time_per_question": 0.0,
    "average_llm_calls_per_question": 1.0,
    "average_llm_time_per_question": 3.580420575700365,
    "average_llm_inputs_per_question": 3328.842842842843,
    "average_llm_outputs_per_question": 157.93093093093094
}