{
    "total": 150,
    "total_valid": 144,
    "invalid_gold_queries": 0,
    "empty_gold_queries": 6,
    "total_tp": 159,
    "total_fp": 405,
    "total_fn": 1923,
    "total_exact_match": 6,
    "total_macro_f1": 10.247667882156838,
    "total_macro_precision": 9.466844902603416,
    "total_macro_recall": 13.408496732026144,
    "total_hits_at_1": 9,
    "total_hits": 15,
    "total_lax_hits": 17,
    "total_laxxer_hits": 29,
    "total_time": 463.17871284484863,
    "total_sparql_calls": 0,
    "total_sparql_time": 0,
    "total_llm_calls": 144,
    "total_llm_time": 452.80582332611084,
    "total_llm_inputs": 383380,
    "total_llm_outputs": 18732,
    "exact_match": 0.041666666666666664,
    "f1": 0.07116436029275582,
    "precision": 0.0657419784903015,
    "recall": 0.09311456063907045,
    "hits_at_1": 0.0625,
    "hits": 0.10416666666666667,
    "lax_hits": 0.11805555555555555,
    "laxxer_hits": 0.2013888888888889,
    "average_time_per_question": 3.216518839200338,
    "average_sparql_calls_per_question": 0.0,
    "average_sparql_time_per_question": 0.0,
    "average_llm_calls_per_question": 1.0,
    "average_llm_time_per_question": 3.144484884209103,
    "average_llm_inputs_per_question": 2662.3611111111113,
    "average_llm_outputs_per_question": 130.08333333333334
}