{
    "total": 394,
    "total_valid": 393,
    "invalid_gold_queries": 0,
    "empty_gold_queries": 1,
    "total_tp": 21,
    "total_fp": 108,
    "total_fn": 327,
    "total_exact_match": 5,
    "total_macro_f1": 8.417521014980181,
    "total_macro_precision": 7.515103731551099,
    "total_macro_recall": 12.299999999999999,
    "total_hits_at_1": 6,
    "total_hits": 15,
    "total_lax_hits": 62,
    "total_laxxer_hits": 78,
    "total_time": 1410.921714067459,
    "total_sparql_calls": 0,
    "total_sparql_time": 0,
    "total_llm_calls": 393,
    "total_llm_time": 1379.6024961471558,
    "total_llm_inputs": 1022015,
    "total_llm_outputs": 51623,
    "exact_match": 0.01272264631043257,
    "f1": 0.021418628536845244,
    "precision": 0.019122401352547325,
    "recall": 0.03129770992366412,
    "hits_at_1": 0.015267175572519083,
    "hits": 0.03816793893129771,
    "lax_hits": 0.15776081424936386,
    "laxxer_hits": 0.1984732824427481,
    "average_time_per_question": 3.590131587957911,
    "average_sparql_calls_per_question": 0.0,
    "average_sparql_time_per_question": 0.0,
    "average_llm_calls_per_question": 1.0,
    "average_llm_time_per_question": 3.510438921494035,
    "average_llm_inputs_per_question": 2600.547073791349,
    "average_llm_outputs_per_question": 131.3562340966921
}