{
    "total": 150,
    "total_valid": 144,
    "invalid_gold_queries": 0,
    "empty_gold_queries": 6,
    "total_tp": 195,
    "total_fp": 27517,
    "total_fn": 1656,
    "total_exact_match": 8,
    "total_macro_f1": 12.583310177668936,
    "total_macro_precision": 12.581495408085601,
    "total_macro_recall": 16.73856209150327,
    "total_hits_at_1": 12,
    "total_hits": 20,
    "total_lax_hits": 22,
    "total_laxxer_hits": 32,
    "total_time": 420.7275085449219,
    "total_sparql_calls": 0,
    "total_sparql_time": 0,
    "total_llm_calls": 144,
    "total_llm_time": 409.960364818573,
    "total_llm_inputs": 384154,
    "total_llm_outputs": 18318,
    "exact_match": 0.05555555555555555,
    "f1": 0.08738409845603429,
    "precision": 0.08737149588948334,
    "recall": 0.11624001452432825,
    "hits_at_1": 0.08333333333333333,
    "hits": 0.1388888888888889,
    "lax_hits": 0.1527777777777778,
    "laxxer_hits": 0.2222222222222222,
    "average_time_per_question": 2.921718809339735,
    "average_sparql_calls_per_question": 0.0,
    "average_sparql_time_per_question": 0.0,
    "average_llm_calls_per_question": 1.0,
    "average_llm_time_per_question": 2.846946977906757,
    "average_llm_inputs_per_question": 2667.7361111111113,
    "average_llm_outputs_per_question": 127.20833333333333
}