{
    "total": 394,
    "total_valid": 393,
    "invalid_gold_queries": 0,
    "empty_gold_queries": 1,
    "total_tp": 25,
    "total_fp": 33,
    "total_fn": 111,
    "total_exact_match": 5,
    "total_macro_f1": 6.892304115322019,
    "total_macro_precision": 6.7333333333333325,
    "total_macro_recall": 8.533333333333333,
    "total_hits_at_1": 7,
    "total_hits": 10,
    "total_lax_hits": 59,
    "total_laxxer_hits": 77,
    "total_time": 1316.6936883926392,
    "total_sparql_calls": 0,
    "total_sparql_time": 0,
    "total_llm_calls": 393,
    "total_llm_time": 1285.0518944263458,
    "total_llm_inputs": 1024063,
    "total_llm_outputs": 51197,
    "exact_match": 0.01272264631043257,
    "f1": 0.01753766950463618,
    "precision": 0.01713316369804919,
    "recall": 0.02171331636980492,
    "hits_at_1": 0.017811704834605598,
    "hits": 0.02544529262086514,
    "lax_hits": 0.15012722646310434,
    "laxxer_hits": 0.19592875318066158,
    "average_time_per_question": 3.3503656193196925,
    "average_sparql_calls_per_question": 0.0,
    "average_sparql_time_per_question": 0.0,
    "average_llm_calls_per_question": 1.0,
    "average_llm_time_per_question": 3.2698521486675465,
    "average_llm_inputs_per_question": 2605.758269720102,
    "average_llm_outputs_per_question": 130.27226463104327
}