{
    "total": 1639,
    "total_valid": 1616,
    "invalid_gold_queries": 0,
    "empty_gold_queries": 23,
    "total_tp": 6712,
    "total_fp": 1551527,
    "total_fn": 1302,
    "total_exact_match": 413,
    "total_macro_f1": 558.449721708122,
    "total_macro_precision": 548.7621501018047,
    "total_macro_recall": 666.0487450296413,
    "total_hits_at_1": 527,
    "total_hits": 724,
    "total_lax_hits": 733,
    "total_laxxer_hits": 774,
    "total_time": 5727.368026971817,
    "total_sparql_calls": 0,
    "total_sparql_time": 0,
    "total_llm_calls": 1616,
    "total_llm_time": 5496.327478885651,
    "total_llm_inputs": 6054393,
    "total_llm_outputs": 278777,
    "exact_match": 0.2555693069306931,
    "f1": 0.34557532283918435,
    "precision": 0.33958053842933456,
    "recall": 0.41215887687477804,
    "hits_at_1": 0.3261138613861386,
    "hits": 0.44801980198019803,
    "lax_hits": 0.4535891089108911,
    "laxxer_hits": 0.47896039603960394,
    "average_time_per_question": 3.5441633830271146,
    "average_sparql_calls_per_question": 0.0,
    "average_sparql_time_per_question": 0.0,
    "average_llm_calls_per_question": 1.0,
    "average_llm_time_per_question": 3.40119274683518,
    "average_llm_inputs_per_question": 3746.5303217821784,
    "average_llm_outputs_per_question": 172.5105198019802
}