{
    "total": 1639,
    "total_valid": 1616,
    "invalid_gold_queries": 0,
    "empty_gold_queries": 23,
    "total_tp": 6101,
    "total_fp": 72334,
    "total_fn": 1557,
    "total_exact_match": 308,
    "total_macro_f1": 455.6934664502219,
    "total_macro_precision": 441.366231002211,
    "total_macro_recall": 577.761151361064,
    "total_hits_at_1": 436,
    "total_hits": 644,
    "total_lax_hits": 656,
    "total_laxxer_hits": 707,
    "total_time": 5877.991000413895,
    "total_sparql_calls": 0,
    "total_sparql_time": 0,
    "total_llm_calls": 1616,
    "total_llm_time": 5649.042524576187,
    "total_llm_inputs": 6035338,
    "total_llm_outputs": 298091,
    "exact_match": 0.1905940594059406,
    "f1": 0.2819885312191967,
    "precision": 0.273122667699388,
    "recall": 0.35752546495115345,
    "hits_at_1": 0.2698019801980198,
    "hits": 0.39851485148514854,
    "lax_hits": 0.40594059405940597,
    "laxxer_hits": 0.4375,
    "average_time_per_question": 3.6373706685729545,
    "average_sparql_calls_per_question": 0.0,
    "average_sparql_time_per_question": 0.0,
    "average_llm_calls_per_question": 1.0,
    "average_llm_time_per_question": 3.49569463154467,
    "average_llm_inputs_per_question": 3734.7388613861385,
    "average_llm_outputs_per_question": 184.46225247524754
}