{
    "total": 1639,
    "total_valid": 1616,
    "invalid_gold_queries": 0,
    "empty_gold_queries": 23,
    "total_tp": 11255,
    "total_fp": 275,
    "total_fn": 3306,
    "total_exact_match": 1267,
    "total_hits_at_1": 1297,
    "total_macro_f1": 1297.5593958685538,
    "total_macro_precision": 1302.0256971586705,
    "total_macro_recall": 1315.9929719109866,
    "total_time": 6156.206885576248,
    "total_sparql_calls": 0,
    "total_sparql_time": 0,
    "total_llm_calls": 1616,
    "total_llm_time": 6156.207609415054,
    "total_llm_inputs": 197231,
    "total_llm_outputs": 207721,
    "hits_at_1": 0.8025990099009901,
    "exact_match": 0.7840346534653465,
    "f1": 0.8029451707107388,
    "precision": 0.8057089710140287,
    "recall": 0.8143520865785808,
    "average_time_per_question": 3.8095339638466883,
    "average_sparql_calls_per_question": 0.0,
    "average_sparql_time_per_question": 0.0,
    "average_llm_calls_per_question": 1.0,
    "average_llm_time_per_question": 3.8095344117667413,
    "average_llm_inputs_per_question": 122.04888613861387,
    "average_llm_outputs_per_question": 128.54022277227722
}