{
    "total": 100,
    "total_valid": 95,
    "missing_questions": 0,
    "invalid_gold_queries": 0,
    "empty_gold_queries": 5,
    "total_tp": 15,
    "total_fp": 0,
    "total_fn": 0,
    "total_exact_match": 15,
    "total_hits_at_1": 15,
    "total_macro_f1": 15.0,
    "total_macro_precision": 15.0,
    "total_macro_recall": 15.0,
    "total_time": 54.158865451812744,
    "total_sparql_calls": 0,
    "total_sparql_time": 0,
    "total_llm_calls": 95,
    "total_llm_time": 54.14846658706665,
    "total_llm_inputs": 21824,
    "total_llm_outputs": 1281,
    "hits_at_1": 0.15789473684210525,
    "exact_match": 0.15789473684210525,
    "f1": 0.15789473684210525,
    "precision": 0.15789473684210525,
    "recall": 0.15789473684210525,
    "average_time_per_question": 0.5700933205453973,
    "average_sparql_calls_per_question": 0.0,
    "average_sparql_time_per_question": 0.0,
    "average_llm_calls_per_question": 1.0,
    "average_llm_time_per_question": 0.5699838588112279,
    "average_llm_inputs_per_question": 229.7263157894737,
    "average_llm_outputs_per_question": 13.48421052631579
}