{
    "total": 3531,
    "total_valid": 3162,
    "missing_questions": 0,
    "invalid_gold_queries": 0,
    "empty_gold_queries": 369,
    "total_tp": 1242,
    "total_fp": 412,
    "total_fn": 934,
    "total_exact_match": 740,
    "total_hits_at_1": 965,
    "total_macro_f1": 885.1060531286449,
    "total_macro_precision": 950.775102675103,
    "total_macro_recall": 890.6607436709119,
    "total_time": 2428.6579740047455,
    "total_sparql_calls": 0,
    "total_sparql_time": 0,
    "total_llm_calls": 3162,
    "total_llm_time": 2428.4035243988037,
    "total_llm_inputs": 734637,
    "total_llm_outputs": 58923,
    "hits_at_1": 0.3051865907653384,
    "exact_match": 0.23402909550917142,
    "f1": 0.27991968789647215,
    "precision": 0.30068788825904585,
    "recall": 0.28167638952274254,
    "average_time_per_question": 0.7680765256181991,
    "average_sparql_calls_per_question": 0.0,
    "average_sparql_time_per_question": 0.0,
    "average_llm_calls_per_question": 1.0,
    "average_llm_time_per_question": 0.7679960545220758,
    "average_llm_inputs_per_question": 232.33301707779887,
    "average_llm_outputs_per_question": 18.634724857685008
}