{
    "total": 1000,
    "total_valid": 999,
    "missing_questions": 0,
    "invalid_gold_queries": 0,
    "empty_gold_queries": 1,
    "total_tp": 461,
    "total_fp": 261,
    "total_fn": 14133,
    "total_exact_match": 230,
    "total_hits_at_1": 341,
    "total_macro_f1": 282.0862087241078,
    "total_macro_precision": 320.1224282296651,
    "total_macro_recall": 276.8517144306559,
    "total_time": 725.5970184803009,
    "total_sparql_calls": 0,
    "total_sparql_time": 0,
    "total_llm_calls": 999,
    "total_llm_time": 725.5071361064911,
    "total_llm_inputs": 229731,
    "total_llm_outputs": 18926,
    "hits_at_1": 0.34134134134134136,
    "exact_match": 0.23023023023023023,
    "f1": 0.2823685773014092,
    "precision": 0.32044287110076586,
    "recall": 0.2771288432739298,
    "average_time_per_question": 0.726323341822123,
    "average_sparql_calls_per_question": 0.0,
    "average_sparql_time_per_question": 0.0,
    "average_llm_calls_per_question": 1.0,
    "average_llm_time_per_question": 0.7262333694759671,
    "average_llm_inputs_per_question": 229.96096096096096,
    "average_llm_outputs_per_question": 18.944944944944943
}