{
    "total": 150,
    "total_valid": 142,
    "invalid_gold_queries": 0,
    "empty_gold_queries": 8,
    "total_tp": 23,
    "total_fp": 0,
    "total_fn": 284,
    "total_exact_match": 13,
    "total_hits_at_1": 15,
    "total_macro_f1": 14.372549019607844,
    "total_macro_precision": 15.0,
    "total_macro_recall": 14.045454545454545,
    "total_time": 120.1447970867157,
    "total_sparql_calls": 0,
    "total_sparql_time": 0,
    "total_llm_calls": 142,
    "total_llm_time": 120.12943005561829,
    "total_llm_inputs": 31952,
    "total_llm_outputs": 4614,
    "hits_at_1": 0.1056338028169014,
    "exact_match": 0.09154929577464789,
    "f1": 0.1012151339409003,
    "precision": 0.1056338028169014,
    "recall": 0.09891165172855314,
    "average_time_per_question": 0.8460901203289838,
    "average_sparql_calls_per_question": 0.0,
    "average_sparql_time_per_question": 0.0,
    "average_llm_calls_per_question": 1.0,
    "average_llm_time_per_question": 0.8459819018001288,
    "average_llm_inputs_per_question": 225.01408450704224,
    "average_llm_outputs_per_question": 32.49295774647887
}