{
    "total": 150,
    "total_valid": 142,
    "missing_questions": 0,
    "invalid_gold_queries": 0,
    "empty_gold_queries": 8,
    "total_tp": 327,
    "total_fp": 180,
    "total_fn": 1456,
    "total_exact_match": 35,
    "total_hits_at_1": 58,
    "total_macro_f1": 51.506196288934845,
    "total_macro_precision": 54.62546443167392,
    "total_macro_recall": 52.34501998005337,
    "total_time": 120.1447970867157,
    "total_sparql_calls": 0,
    "total_sparql_time": 0,
    "total_llm_calls": 142,
    "total_llm_time": 120.12943005561829,
    "total_llm_inputs": 31952,
    "total_llm_outputs": 4614,
    "hits_at_1": 0.4084507042253521,
    "exact_match": 0.24647887323943662,
    "f1": 0.3627196921755975,
    "precision": 0.3846863692371403,
    "recall": 0.3686269012679815,
    "average_time_per_question": 0.8460901203289838,
    "average_sparql_calls_per_question": 0.0,
    "average_sparql_time_per_question": 0.0,
    "average_llm_calls_per_question": 1.0,
    "average_llm_time_per_question": 0.8459819018001288,
    "average_llm_inputs_per_question": 225.01408450704224,
    "average_llm_outputs_per_question": 32.49295774647887
}