{
    "total": 394,
    "total_valid": 356,
    "invalid_gold_queries": 0,
    "empty_gold_queries": 38,
    "total_tp": 26,
    "total_fp": 18,
    "total_fn": 16,
    "total_exact_match": 23,
    "total_hits_at_1": 23,
    "total_macro_f1": 23.333333333333332,
    "total_macro_precision": 23.305555555555554,
    "total_macro_recall": 23.38888888888889,
    "total_time": 242.68750929832458,
    "total_sparql_calls": 0,
    "total_sparql_time": 0,
    "total_llm_calls": 356,
    "total_llm_time": 242.654527425766,
    "total_llm_inputs": 80998,
    "total_llm_outputs": 4060,
    "hits_at_1": 0.06460674157303371,
    "exact_match": 0.06460674157303371,
    "f1": 0.06554307116104868,
    "precision": 0.06546504369538077,
    "recall": 0.06569912609238453,
    "average_time_per_question": 0.6817064867930466,
    "average_sparql_calls_per_question": 0.0,
    "average_sparql_time_per_question": 0.0,
    "average_llm_calls_per_question": 1.0,
    "average_llm_time_per_question": 0.6816138410836123,
    "average_llm_inputs_per_question": 227.52247191011236,
    "average_llm_outputs_per_question": 11.404494382022472
}