{
    "total": 394,
    "total_valid": 356,
    "missing_questions": 0,
    "invalid_gold_queries": 0,
    "empty_gold_queries": 38,
    "total_tp": 172,
    "total_fp": 76,
    "total_fn": 62,
    "total_exact_match": 112,
    "total_hits_at_1": 131,
    "total_macro_f1": 125.06827283827288,
    "total_macro_precision": 127.79650072150073,
    "total_macro_recall": 127.41507936507935,
    "total_time": 242.68750929832458,
    "total_sparql_calls": 0,
    "total_sparql_time": 0,
    "total_llm_calls": 356,
    "total_llm_time": 242.654527425766,
    "total_llm_inputs": 80998,
    "total_llm_outputs": 4060,
    "hits_at_1": 0.36797752808988765,
    "exact_match": 0.3146067415730337,
    "f1": 0.35131537314121597,
    "precision": 0.35897893461095715,
    "recall": 0.35790752630640266,
    "average_time_per_question": 0.6817064867930466,
    "average_sparql_calls_per_question": 0.0,
    "average_sparql_time_per_question": 0.0,
    "average_llm_calls_per_question": 1.0,
    "average_llm_time_per_question": 0.6816138410836123,
    "average_llm_inputs_per_question": 227.52247191011236,
    "average_llm_outputs_per_question": 11.404494382022472
}