{
    "total": 1084,
    "total_valid": 1066,
    "invalid_gold_queries": 0,
    "empty_gold_queries": 18,
    "total_tp": 9,
    "total_fp": 0,
    "total_fn": 607,
    "total_exact_match": 8,
    "total_hits_at_1": 9,
    "total_macro_f1": 8.666666666666666,
    "total_macro_precision": 9.0,
    "total_macro_recall": 8.5,
    "total_time": 748.4166712760925,
    "total_sparql_calls": 0,
    "total_sparql_time": 0,
    "total_llm_calls": 1066,
    "total_llm_time": 748.3209435939789,
    "total_llm_inputs": 239795,
    "total_llm_outputs": 16453,
    "hits_at_1": 0.008442776735459663,
    "exact_match": 0.0075046904315197,
    "f1": 0.008130081300813007,
    "precision": 0.008442776735459663,
    "recall": 0.00797373358348968,
    "average_time_per_question": 0.7020794289644395,
    "average_sparql_calls_per_question": 0.0,
    "average_sparql_time_per_question": 0.0,
    "average_llm_calls_per_question": 1.0,
    "average_llm_time_per_question": 0.7019896281369408,
    "average_llm_inputs_per_question": 224.9484052532833,
    "average_llm_outputs_per_question": 15.434333958724203
}