{
    "total": 1639,
    "total_valid": 1616,
    "missing_questions": 0,
    "invalid_gold_queries": 0,
    "empty_gold_queries": 23,
    "total_tp": 1601,
    "total_fp": 547,
    "total_fn": 5825,
    "total_exact_match": 392,
    "total_hits_at_1": 727,
    "total_macro_f1": 588.6236777726198,
    "total_macro_precision": 705.6891047219144,
    "total_macro_recall": 568.0048014371345,
    "total_time": 1132.6871044635773,
    "total_sparql_calls": 0,
    "total_sparql_time": 0,
    "total_llm_calls": 1616,
    "total_llm_time": 1132.547402381897,
    "total_llm_inputs": 363482,
    "total_llm_outputs": 25656,
    "hits_at_1": 0.4498762376237624,
    "exact_match": 0.24257425742574257,
    "f1": 0.3642473253543439,
    "precision": 0.43668880242692726,
    "recall": 0.3514881197011971,
    "average_time_per_question": 0.7009202379106295,
    "average_sparql_calls_per_question": 0.0,
    "average_sparql_time_per_question": 0.0,
    "average_llm_calls_per_question": 1.0,
    "average_llm_time_per_question": 0.700833788602659,
    "average_llm_inputs_per_question": 224.9269801980198,
    "average_llm_outputs_per_question": 15.876237623762377
}