{
    "QUESTIONS": 1009,
    "TIME": 20895.543863773346,
    "TIME PER QUESTION": 20.709161411073683,
    "SPARQL_CALLS": 44349,
    "SPARQL_TIME": 7037.731318235397,
    "LLM_CALLS": 9678,
    "LLM_TIME": 13812.187683582306,
    "LLM_INPUTS": 5610616,
    "LLM_OUTPUTS": 583187
}