{
    "QUESTIONS": 400,
    "TIME": 11380.684285879135,
    "TIME PER QUESTION": 28.45171071469784,
    "SPARQL_CALLS": 16628,
    "SPARQL_TIME": 5581.945246219635,
    "LLM_CALLS": 3626,
    "LLM_TIME": 5547.559569120407,
    "LLM_INPUTS": 2484903,
    "LLM_OUTPUTS": 203448
}