{
    "QUESTIONS": 1639,
    "TIME": 3710.7284553050995,
    "TIME PER QUESTION": 2.2640198018945084,
    "SPARQL_CALLS": 4585,
    "SPARQL_TIME": 560.6800367832184,
    "LLM_CALLS": 2563,
    "LLM_TIME": 3149.7542202472687,
    "LLM_INPUTS": 1338563,
    "LLM_OUTPUTS": 127996
}