{
    "QUESTIONS": 150,
    "TIME": 3399.415920495987,
    "TIME PER QUESTION": 22.66277280330658,
    "SPARQL_CALLS": 4443,
    "SPARQL_TIME": 916.8584985733032,
    "LLM_CALLS": 1010,
    "LLM_TIME": 2462.409928560257,
    "LLM_INPUTS": 673659,
    "LLM_OUTPUTS": 57900
}