{
    "QUESTIONS": 3534,
    "TIME": 110129.47474241257,
    "TIME PER QUESTION": 31.162839485685502,
    "SPARQL_CALLS": 229755,
    "SPARQL_TIME": 51307.373995542526,
    "LLM_CALLS": 38453,
    "LLM_TIME": 57889.064784526825,
    "LLM_INPUTS": 28429434,
    "LLM_OUTPUTS": 2422852
}