{
    "total": 394,
    "total_valid": 393,
    "invalid_gold_queries": 0,
    "empty_gold_queries": 1,
    "total_tp": 605,
    "total_fp": 184,
    "total_fn": 30,
    "total_exact_match": 276,
    "total_macro_f1": 283.53696891696893,
    "total_macro_precision": 284.2833488951136,
    "total_macro_recall": 287.8619047619048,
    "total_hits_at_1": 286,
    "total_hits": 291,
    "total_lax_hits": 298,
    "total_laxxer_hits": 303,
    "total_time": 15226.997233390808,
    "total_sparql_calls": 12428,
    "total_sparql_time": 4452.989936828613,
    "total_llm_calls": 1979,
    "total_llm_time": 8725.048196792603,
    "total_llm_inputs": 8063789,
    "total_llm_outputs": 547603,
    "exact_match": 0.7022900763358778,
    "f1": 0.7214681142925418,
    "precision": 0.7233672999875664,
    "recall": 0.732473040106628,
    "hits_at_1": 0.727735368956743,
    "hits": 0.7404580152671756,
    "lax_hits": 0.7582697201017812,
    "laxxer_hits": 0.7709923664122137,
    "average_time_per_question": 38.7455400340733,
    "average_sparql_calls_per_question": 31.623409669211195,
    "average_sparql_time_per_question": 11.330763198037184,
    "average_llm_calls_per_question": 5.035623409669212,
    "average_llm_time_per_question": 22.201140449853952,
    "average_llm_inputs_per_question": 20518.54707379135,
    "average_llm_outputs_per_question": 1393.3918575063612
}