{
    "total": 300,
    "total_valid": 263,
    "invalid_gold_queries": 0,
    "empty_gold_queries": 37,
    "total_tp": 216,
    "total_fp": 1048,
    "total_fn": 84,
    "total_exact_match": 120,
    "total_macro_f1": 132.34444494737497,
    "total_macro_precision": 132.59293998697356,
    "total_macro_recall": 142.1095238095238,
    "total_hits_at_1": 130,
    "total_hits": 146,
    "total_lax_hits": 147,
    "total_laxxer_hits": 157,
    "total_time": 16906.8169400692,
    "total_sparql_calls": 6243,
    "total_sparql_time": 3403.1433663368225,
    "total_llm_calls": 2530,
    "total_llm_time": 12127.156283378601,
    "total_llm_inputs": 11379246,
    "total_llm_outputs": 695180,
    "exact_match": 0.45627376425855515,
    "f1": 0.5032108172903991,
    "precision": 0.5041556653497093,
    "recall": 0.5403403947130183,
    "hits_at_1": 0.49429657794676807,
    "hits": 0.5551330798479087,
    "lax_hits": 0.55893536121673,
    "laxxer_hits": 0.596958174904943,
    "average_time_per_question": 64.28447505729733,
    "average_sparql_calls_per_question": 23.73764258555133,
    "average_sparql_time_per_question": 12.939708617250275,
    "average_llm_calls_per_question": 9.61977186311787,
    "average_llm_time_per_question": 46.11086039307453,
    "average_llm_inputs_per_question": 43267.09505703422,
    "average_llm_outputs_per_question": 2643.269961977186
}