{
    "total": 150,
    "total_valid": 144,
    "invalid_gold_queries": 0,
    "empty_gold_queries": 6,
    "total_tp": 3193,
    "total_fp": 108,
    "total_fn": 1279,
    "total_exact_match": 78,
    "total_macro_f1": 96.68144497077961,
    "total_macro_precision": 101.87661392275514,
    "total_macro_recall": 97.879790607656,
    "total_hits_at_1": 102,
    "total_hits": 109,
    "total_lax_hits": 112,
    "total_laxxer_hits": 114,
    "total_time": 4715.139914274216,
    "total_sparql_calls": 1683,
    "total_sparql_time": 336.9562633037567,
    "total_llm_calls": 780,
    "total_llm_time": 3783.334439277649,
    "total_llm_inputs": 3214300,
    "total_llm_outputs": 221131,
    "exact_match": 0.5416666666666666,
    "f1": 0.6713989234081917,
    "precision": 0.7074764855746885,
    "recall": 0.6797207681087223,
    "hits_at_1": 0.7083333333333334,
    "hits": 0.7569444444444444,
    "lax_hits": 0.7777777777777778,
    "laxxer_hits": 0.7916666666666666,
    "average_time_per_question": 32.74402718245983,
    "average_sparql_calls_per_question": 11.6875,
    "average_sparql_time_per_question": 2.339974050720533,
    "average_llm_calls_per_question": 5.416666666666667,
    "average_llm_time_per_question": 26.273155828317005,
    "average_llm_inputs_per_question": 22321.527777777777,
    "average_llm_outputs_per_question": 1535.6319444444443
}