{
    "total": 1639,
    "total_valid": 1628,
    "missing_questions": 2,
    "invalid_gold_queries": 0,
    "empty_gold_queries": 11,
    "total_tp": 2564,
    "total_fp": 551,
    "total_fn": 7480,
    "total_exact_match": 639,
    "total_macro_f1": 843.8357351345735,
    "total_macro_precision": 998.2080101418679,
    "total_macro_recall": 823.747302047581,
    "total_hits_at_1": 1029,
    "total_hits": 1059,
    "total_lax_hits": 1093,
    "total_laxxer_hits": 1188,
    "total_pog_match": 1243,
    "total_tog_em": 1167,
    "total_tog_em_fixed": 1166,
    "total_tog_formatted_properly": 1167,
    "total_time": 0,
    "total_sparql_calls": 14976930,
    "total_sparql_time": 1111731.8446466923,
    "total_llm_calls": 13116,
    "total_llm_time": 24449.37158513069,
    "total_llm_inputs": 28594898,
    "total_llm_outputs": 1035788,
    "exact_match": 0.3925061425061425,
    "f1": 0.5183266186330304,
    "precision": 0.6131498833795258,
    "recall": 0.5059872862700129,
    "hits_at_1": 0.6320638820638821,
    "hits": 0.6504914004914005,
    "lax_hits": 0.6713759213759214,
    "laxxer_hits": 0.7297297297297297,
    "pog_match": 0.7635135135135135,
    "tog_em": 0.7168304668304668,
    "tog_em_fixed": 0.7162162162162162,
    "tog_formatted_properly": 0.7168304668304668,
    "average_time_per_question": 0.0,
    "average_sparql_calls_per_question": 9199.588452088452,
    "average_sparql_time_per_question": 682.8819684561992,
    "average_llm_calls_per_question": 8.056511056511056,
    "average_llm_time_per_question": 15.018041514208042,
    "average_llm_inputs_per_question": 17564.43366093366,
    "average_llm_outputs_per_question": 636.2334152334153
}