{
    "total": 880,
    "total_valid": 879,
    "missing_questions": 0,
    "invalid_gold_queries": 0,
    "empty_gold_queries": 1,
    "total_tp": 235,
    "total_fp": 61,
    "total_fn": 20062,
    "total_exact_match": 85,
    "total_macro_f1": 103.98354919191708,
    "total_macro_precision": 113.14009779350336,
    "total_macro_recall": 100.94373112706748,
    "total_hits_at_1": 114,
    "total_hits": 119,
    "total_lax_hits": 123,
    "total_laxxer_hits": 131,
    "total_pog_match": 135,
    "total_tog_em": 131,
    "total_tog_em_fixed": 131,
    "total_tog_formatted_properly": 127,
    "total_time": 0,
    "total_sparql_calls": 546828,
    "total_sparql_time": 117948.55198144913,
    "total_llm_calls": 2109,
    "total_llm_time": 3608.0372891426086,
    "total_llm_inputs": 3129966,
    "total_llm_outputs": 174671,
    "exact_match": 0.09670079635949944,
    "f1": 0.11829755311935959,
    "precision": 0.12871455949204022,
    "recall": 0.11483928455866607,
    "hits_at_1": 0.1296928327645051,
    "hits": 0.1353811149032992,
    "lax_hits": 0.13993174061433447,
    "laxxer_hits": 0.149032992036405,
    "pog_match": 0.15358361774744028,
    "tog_em": 0.149032992036405,
    "tog_em_fixed": 0.149032992036405,
    "tog_formatted_properly": 0.14448236632536973,
    "average_time_per_question": 0.0,
    "average_sparql_calls_per_question": 622.1023890784983,
    "average_sparql_time_per_question": 134.18492830654054,
    "average_llm_calls_per_question": 2.3993174061433447,
    "average_llm_time_per_question": 4.104706813586586,
    "average_llm_inputs_per_question": 3560.825938566553,
    "average_llm_outputs_per_question": 198.7155858930603
}