{
    "SPARQL_CALLS": 549960.0,
    "SPARQL_TIME": 118615.8922188282,
    "LLM_CALLS": 2113.0,
    "LLM_INPUTS": 3131621.0,
    "LLM_OUTPUTS": 175066.0,
    "LLM_TIME": 3616.3589205741882,
    "TIME": 6506.122087955475,
    "QUESTIONS": 178,
    "TIME_PER_QUESTION": 36.55124768514312,
    "TOTAL_QUESTIONS": 1000,
    "TOTAL_TIME_WITH_ERRORS": 133462.8208374977,
    "TIME_PER_QUESTION_WITH_ERRORS": 133.4628208374977
}