{
    "LLM_CALLS": 15209.0,
    "LLM_INPUTS": 29863416.0,
    "LLM_OUTPUTS": 1359175.0,
    "LLM_TIME": 30756.524965763092,
    "SPARQL_CALLS": 28639233.0,
    "SPARQL_TIME": 4034417.8841774464,
    "TIME": 66711.02119231224,
    "QUESTIONS": 1149,
    "TIME_PER_QUESTION": 58.060070663457125,
    "TOTAL_QUESTIONS": 3531,
    "TOTAL_TIME_WITH_ERRORS": 545210.1273880005,
    "TIME_PER_QUESTION_WITH_ERRORS": 154.40671973605225
}