{
    "total": 100,
    "total_valid": 95,
    "missing_questions": 0,
    "invalid_gold_queries": 0,
    "empty_gold_queries": 5,
    "total_tp": 5,
    "total_fp": 0,
    "total_fn": 320,
    "total_exact_match": 5,
    "total_macro_f1": 5.0,
    "total_macro_precision": 5.0,
    "total_macro_recall": 5.0,
    "total_hits_at_1": 5,
    "total_hits": 5,
    "total_lax_hits": 5,
    "total_laxxer_hits": 7,
    "total_pog_match": 7,
    "total_tog_em": 3,
    "total_tog_em_fixed": 3,
    "total_tog_formatted_properly": 3,
    "total_time": 0,
    "total_sparql_calls": 97393,
    "total_sparql_time": 6321.311172485352,
    "total_llm_calls": 344,
    "total_llm_time": 885.8121976852417,
    "total_llm_inputs": 441296,
    "total_llm_outputs": 48125,
    "exact_match": 0.05263157894736842,
    "f1": 0.05263157894736842,
    "precision": 0.05263157894736842,
    "recall": 0.05263157894736842,
    "hits_at_1": 0.05263157894736842,
    "hits": 0.05263157894736842,
    "lax_hits": 0.05263157894736842,
    "laxxer_hits": 0.07368421052631578,
    "pog_match": 0.07368421052631578,
    "tog_em": 0.031578947368421054,
    "tog_em_fixed": 0.031578947368421054,
    "tog_formatted_properly": 0.031578947368421054,
    "average_time_per_question": 0.0,
    "average_sparql_calls_per_question": 1025.1894736842105,
    "average_sparql_time_per_question": 66.54011760510896,
    "average_llm_calls_per_question": 3.6210526315789475,
    "average_llm_time_per_question": 9.324338923002545,
    "average_llm_inputs_per_question": 4645.221052631579,
    "average_llm_outputs_per_question": 506.57894736842104
}