{
    "total": 150,
    "total_valid": 142,
    "missing_questions": 0,
    "invalid_gold_queries": 0,
    "empty_gold_queries": 8,
    "total_tp": 100,
    "total_fp": 7,
    "total_fn": 3936,
    "total_exact_match": 29,
    "total_macro_f1": 34.629411764705885,
    "total_macro_precision": 35.28888888888889,
    "total_macro_recall": 34.521212121212116,
    "total_hits_at_1": 36,
    "total_hits": 37,
    "total_lax_hits": 37,
    "total_laxxer_hits": 43,
    "total_pog_match": 42,
    "total_tog_em": 42,
    "total_tog_em_fixed": 42,
    "total_tog_formatted_properly": 41,
    "total_time": 0,
    "total_sparql_calls": 91567,
    "total_sparql_time": 14665.433757066727,
    "total_llm_calls": 546,
    "total_llm_time": 966.5354323387146,
    "total_llm_inputs": 988209,
    "total_llm_outputs": 42672,
    "exact_match": 0.20422535211267606,
    "f1": 0.2438690969345485,
    "precision": 0.2485133020344288,
    "recall": 0.24310712761416983,
    "hits_at_1": 0.2535211267605634,
    "hits": 0.2605633802816901,
    "lax_hits": 0.2605633802816901,
    "laxxer_hits": 0.3028169014084507,
    "pog_match": 0.29577464788732394,
    "tog_em": 0.29577464788732394,
    "tog_em_fixed": 0.29577464788732394,
    "tog_formatted_properly": 0.2887323943661972,
    "average_time_per_question": 0.0,
    "average_sparql_calls_per_question": 644.8380281690141,
    "average_sparql_time_per_question": 103.27770251455442,
    "average_llm_calls_per_question": 3.8450704225352115,
    "average_llm_time_per_question": 6.806587551681089,
    "average_llm_inputs_per_question": 6959.218309859155,
    "average_llm_outputs_per_question": 300.50704225352115
}