{
    "LLM_CALLS": 571.0,
    "LLM_INPUTS": 1032145.0,
    "LLM_OUTPUTS": 44519.0,
    "LLM_TIME": 1011.1999456882477,
    "SPARQL_CALLS": 95934.0,
    "SPARQL_TIME": 15453.835400342941,
    "TIME": 2090.107903242111,
    "QUESTIONS": 59,
    "TIME_PER_QUESTION": 35.42555768206968,
    "TOTAL_QUESTIONS": 150,
    "TOTAL_TIME_WITH_ERRORS": 17576.357781648636,
    "TIME_PER_QUESTION_WITH_ERRORS": 117.17571854432424
}