{
    "total": 394,
    "total_valid": 393,
    "missing_questions": 0,
    "invalid_gold_queries": 0,
    "empty_gold_queries": 1,
    "total_tp": 148,
    "total_fp": 20,
    "total_fn": 392,
    "total_exact_match": 80,
    "total_macro_f1": 84.50959595959594,
    "total_macro_precision": 85.31666666666666,
    "total_macro_recall": 85.01666666666667,
    "total_hits_at_1": 86,
    "total_hits": 87,
    "total_lax_hits": 90,
    "total_laxxer_hits": 114,
    "total_pog_match": 114,
    "total_tog_em": 94,
    "total_tog_em_fixed": 95,
    "total_tog_formatted_properly": 94,
    "total_time": 0,
    "total_sparql_calls": 212455,
    "total_sparql_time": 41188.79763317108,
    "total_llm_calls": 1446,
    "total_llm_time": 2519.1527836322784,
    "total_llm_inputs": 2249102,
    "total_llm_outputs": 117477,
    "exact_match": 0.2035623409669211,
    "f1": 0.2150371398463001,
    "precision": 0.2170907548770144,
    "recall": 0.21632739609838847,
    "hits_at_1": 0.21882951653944022,
    "hits": 0.22137404580152673,
    "lax_hits": 0.22900763358778625,
    "laxxer_hits": 0.2900763358778626,
    "pog_match": 0.2900763358778626,
    "tog_em": 0.23918575063613232,
    "tog_em_fixed": 0.24173027989821882,
    "tog_formatted_properly": 0.23918575063613232,
    "average_time_per_question": 0.0,
    "average_sparql_calls_per_question": 540.5979643765903,
    "average_sparql_time_per_question": 104.80610084776356,
    "average_llm_calls_per_question": 3.6793893129770994,
    "average_llm_time_per_question": 6.410057973619029,
    "average_llm_inputs_per_question": 5722.905852417302,
    "average_llm_outputs_per_question": 298.9236641221374
}