{
    "total": 3531,
    "total_valid": 3272,
    "missing_questions": 0,
    "invalid_gold_queries": 0,
    "empty_gold_queries": 259,
    "total_tp": 911,
    "total_fp": 163,
    "total_fn": 5040,
    "total_exact_match": 408,
    "total_macro_f1": 504.27465291300746,
    "total_macro_precision": 597.7193001443001,
    "total_macro_recall": 485.5174055304859,
    "total_hits_at_1": 605,
    "total_hits": 617,
    "total_lax_hits": 644,
    "total_laxxer_hits": 704,
    "total_pog_match": 749,
    "total_tog_em": 682,
    "total_tog_em_fixed": 682,
    "total_tog_formatted_properly": 682,
    "total_time": 0,
    "total_sparql_calls": 26945455,
    "total_sparql_time": 3891963.010756731,
    "total_llm_calls": 13913,
    "total_llm_time": 28193.703085184097,
    "total_llm_inputs": 27570881,
    "total_llm_outputs": 1250041,
    "exact_match": 0.12469437652811736,
    "f1": 0.15411817020568688,
    "precision": 0.1826770477213631,
    "recall": 0.14838551513767906,
    "hits_at_1": 0.18490220048899755,
    "hits": 0.18856968215158923,
    "lax_hits": 0.19682151589242053,
    "laxxer_hits": 0.21515892420537897,
    "pog_match": 0.2289119804400978,
    "tog_em": 0.20843520782396088,
    "tog_em_fixed": 0.20843520782396088,
    "tog_formatted_properly": 0.20843520782396088,
    "average_time_per_question": 0.0,
    "average_sparql_calls_per_question": 8235.163508557458,
    "average_sparql_time_per_question": 1189.475247786287,
    "average_llm_calls_per_question": 4.252139364303178,
    "average_llm_time_per_question": 8.616657422122278,
    "average_llm_inputs_per_question": 8426.30837408313,
    "average_llm_outputs_per_question": 382.0418704156479
}