{
    "LLM_CALLS": 13246.0,
    "LLM_INPUTS": 28910165.0,
    "LLM_OUTPUTS": 1047794.0,
    "LLM_TIME": 24721.641962766647,
    "SPARQL_CALLS": 14981901.0,
    "SPARQL_TIME": 1112493.4537210464,
    "TIME": 43831.104143857956,
    "QUESTIONS": 1488,
    "TIME_PER_QUESTION": 29.456387193452926,
    "TOTAL_QUESTIONS": 1639,
    "TOTAL_TIME_WITH_ERRORS": 70625.09441280365,
    "TIME_PER_QUESTION_WITH_ERRORS": 43.09035656668923
}