{
    "TIME": 834.8281517028809,
    "SPARQL_CALLS": 105957.0,
    "SPARQL_TIME": 6876.618254899979,
    "LLM_CALLS": 354.0,
    "LLM_INPUTS": 451205.0,
    "LLM_OUTPUTS": 49208.0,
    "LLM_TIME": 904.5328969955444,
    "QUESTIONS": 52,
    "TIME_PER_QUESTION": 16.054387532747707,
    "TOTAL_QUESTIONS": 100,
    "TOTAL_TIME_WITH_ERRORS": 8179.276633024216,
    "TIME_PER_QUESTION_WITH_ERRORS": 81.79276633024216
}