{
    "LLM_CALLS": 1447.0,
    "LLM_INPUTS": 2249504.0,
    "LLM_OUTPUTS": 117539.0,
    "LLM_TIME": 2520.6321144104004,
    "SPARQL_CALLS": 213573.0,
    "SPARQL_TIME": 41370.87786197662,
    "TIME": 4912.942360877991,
    "QUESTIONS": 152,
    "TIME_PER_QUESTION": 32.32198921630257,
    "TOTAL_QUESTIONS": 394,
    "TOTAL_TIME_WITH_ERRORS": 47951.74461245537,
    "TIME_PER_QUESTION_WITH_ERRORS": 121.70493556460754
}