{
    "total": 150,
    "total_valid": 144,
    "missing_questions": 0,
    "invalid_gold_queries": 0,
    "empty_gold_queries": 6,
    "total_tp": 101,
    "total_fp": 7,
    "total_fn": 3936,
    "total_exact_match": 30,
    "total_macro_f1": 35.629411764705885,
    "total_macro_precision": 36.28888888888889,
    "total_macro_recall": 35.521212121212116,
    "total_hits_at_1": 37,
    "total_hits": 38,
    "total_lax_hits": 38,
    "total_laxxer_hits": 44,
    "total_pog_match": 42,
    "total_tog_em": 42,
    "total_tog_em_fixed": 42,
    "total_tog_formatted_properly": 41,
    "total_time": 0,
    "total_sparql_calls": 93033,
    "total_sparql_time": 14947.417632102966,
    "total_llm_calls": 556,
    "total_llm_time": 991.6648738384247,
    "total_llm_inputs": 1008001,
    "total_llm_outputs": 43707,
    "exact_match": 0.20833333333333334,
    "f1": 0.2474264705882353,
    "precision": 0.2520061728395062,
    "recall": 0.24667508417508413,
    "hits_at_1": 0.2569444444444444,
    "hits": 0.2638888888888889,
    "lax_hits": 0.2638888888888889,
    "laxxer_hits": 0.3055555555555556,
    "pog_match": 0.2916666666666667,
    "tog_em": 0.2916666666666667,
    "tog_em_fixed": 0.2916666666666667,
    "tog_formatted_properly": 0.2847222222222222,
    "average_time_per_question": 0.0,
    "average_sparql_calls_per_question": 646.0625,
    "average_sparql_time_per_question": 103.80151133404837,
    "average_llm_calls_per_question": 3.861111111111111,
    "average_llm_time_per_question": 6.886561623877949,
    "average_llm_inputs_per_question": 7000.006944444444,
    "average_llm_outputs_per_question": 303.5208333333333
}