{
    "total": 394,
    "total_valid": 356,
    "missing_questions": 0,
    "invalid_gold_queries": 0,
    "empty_gold_queries": 38,
    "total_tp": 140,
    "total_fp": 20,
    "total_fn": 375,
    "total_exact_match": 72,
    "total_macro_f1": 76.50959595959594,
    "total_macro_precision": 77.31666666666666,
    "total_macro_recall": 77.01666666666667,
    "total_hits_at_1": 78,
    "total_hits": 79,
    "total_lax_hits": 82,
    "total_laxxer_hits": 106,
    "total_pog_match": 114,
    "total_tog_em": 94,
    "total_tog_em_fixed": 95,
    "total_tog_formatted_properly": 94,
    "total_time": 0,
    "total_sparql_calls": 189385,
    "total_sparql_time": 35942.242414951324,
    "total_llm_calls": 1354,
    "total_llm_time": 2349.4039630889893,
    "total_llm_inputs": 2124210,
    "total_llm_outputs": 109755,
    "exact_match": 0.20224719101123595,
    "f1": 0.21491459539212343,
    "precision": 0.21718164794007488,
    "recall": 0.21633895131086142,
    "hits_at_1": 0.21910112359550563,
    "hits": 0.22191011235955055,
    "lax_hits": 0.2303370786516854,
    "laxxer_hits": 0.29775280898876405,
    "pog_match": 0.3202247191011236,
    "tog_em": 0.2640449438202247,
    "tog_em_fixed": 0.26685393258426965,
    "tog_formatted_properly": 0.2640449438202247,
    "average_time_per_question": 0.0,
    "average_sparql_calls_per_question": 531.9803370786517,
    "average_sparql_time_per_question": 100.96135509817788,
    "average_llm_calls_per_question": 3.803370786516854,
    "average_llm_time_per_question": 6.599449334519632,
    "average_llm_inputs_per_question": 5966.88202247191,
    "average_llm_outputs_per_question": 308.30056179775283
}