{
    "total": 3531,
    "total_valid": 3162,
    "invalid_gold_queries": 0,
    "empty_gold_queries": 369,
    "total_tp": 5366,
    "total_fp": 1239,
    "total_fn": 949,
    "total_exact_match": 2475,
    "total_hits_at_1": 2573,
    "total_macro_f1": 2548.825173175025,
    "total_macro_precision": 2564.7912435362277,
    "total_macro_recall": 2589.317439504941,
    "total_time": 14292.862674474716,
    "total_sparql_calls": 0,
    "total_sparql_time": 0,
    "total_llm_calls": 3162,
    "total_llm_time": 14292.863983392715,
    "total_llm_inputs": 442890,
    "total_llm_outputs": 481809,
    "hits_at_1": 0.8137254901960784,
    "exact_match": 0.7827324478178368,
    "f1": 0.8060800674177815,
    "precision": 0.8111294255332788,
    "recall": 0.8188859707479257,
    "average_time_per_question": 4.520196924248803,
    "average_sparql_calls_per_question": 0.0,
    "average_sparql_time_per_question": 0.0,
    "average_llm_calls_per_question": 1.0,
    "average_llm_time_per_question": 4.520197338201365,
    "average_llm_inputs_per_question": 140.06641366223909,
    "average_llm_outputs_per_question": 152.37476280834915
}