{
    "total": 1000,
    "total_valid": 999,
    "invalid_gold_queries": 0,
    "empty_gold_queries": 1,
    "total_tp": 14527,
    "total_fp": 5827,
    "total_fn": 16806,
    "total_exact_match": 345,
    "total_hits_at_1": 392,
    "total_macro_f1": 385.00499412439723,
    "total_macro_precision": 392.85518190366884,
    "total_macro_recall": 388.06434129109795,
    "total_time": 2440.3854506015778,
    "total_sparql_calls": 0,
    "total_sparql_time": 0,
    "total_llm_calls": 999,
    "total_llm_time": 2440.385855436325,
    "total_llm_inputs": 135826,
    "total_llm_outputs": 84023,
    "hits_at_1": 0.3923923923923924,
    "exact_match": 0.34534534534534533,
    "f1": 0.3853903845089061,
    "precision": 0.39324843033400286,
    "recall": 0.38845279408518313,
    "average_time_per_question": 2.4428282788804583,
    "average_sparql_calls_per_question": 0.0,
    "average_sparql_time_per_question": 0.0,
    "average_llm_calls_per_question": 1.0,
    "average_llm_time_per_question": 2.4428286841204456,
    "average_llm_inputs_per_question": 135.96196196196198,
    "average_llm_outputs_per_question": 84.10710710710711
}