{
    "total": 150,
    "total_valid": 142,
    "invalid_gold_queries": 0,
    "empty_gold_queries": 8,
    "total_tp": 558,
    "total_fp": 147,
    "total_fn": 3545,
    "total_exact_match": 30,
    "total_hits_at_1": 38,
    "total_macro_f1": 34.7286958919217,
    "total_macro_precision": 37.226620570440794,
    "total_macro_recall": 36.27272727272727,
    "total_time": 298.44071078300476,
    "total_sparql_calls": 0,
    "total_sparql_time": 0,
    "total_llm_calls": 142,
    "total_llm_time": 298.44076442718506,
    "total_llm_inputs": 17007,
    "total_llm_outputs": 10253,
    "hits_at_1": 0.2676056338028169,
    "exact_match": 0.2112676056338028,
    "f1": 0.24456828092902608,
    "precision": 0.26215929979183655,
    "recall": 0.2554417413572343,
    "average_time_per_question": 2.1016951463591886,
    "average_sparql_calls_per_question": 0.0,
    "average_sparql_time_per_question": 0.0,
    "average_llm_calls_per_question": 1.0,
    "average_llm_time_per_question": 2.101695524135106,
    "average_llm_inputs_per_question": 119.76760563380282,
    "average_llm_outputs_per_question": 72.20422535211267
}