{
    "total": 3531,
    "total_valid": 3162,
    "invalid_gold_queries": 0,
    "empty_gold_queries": 369,
    "total_tp": 5259,
    "total_fp": 65700,
    "total_fn": 1026,
    "total_exact_match": 2446,
    "total_hits_at_1": 2556,
    "total_macro_f1": 2523.2789380181107,
    "total_macro_precision": 2545.98412229386,
    "total_macro_recall": 2559.3713179794063,
    "total_time": 13540.091316461563,
    "total_sparql_calls": 0,
    "total_sparql_time": 0,
    "total_llm_calls": 3162,
    "total_llm_time": 13540.09266591072,
    "total_llm_inputs": 442890,
    "total_llm_outputs": 487060,
    "hits_at_1": 0.8083491461100569,
    "exact_match": 0.7735610373181531,
    "f1": 0.7980009291644878,
    "precision": 0.8051815693528969,
    "recall": 0.8094153440795087,
    "average_time_per_question": 4.282128816085251,
    "average_sparql_calls_per_question": 0.0,
    "average_sparql_time_per_question": 0.0,
    "average_llm_calls_per_question": 1.0,
    "average_llm_time_per_question": 4.282129242856016,
    "average_llm_inputs_per_question": 140.06641366223909,
    "average_llm_outputs_per_question": 154.03542061986084
}