{
    "total": 1000,
    "total_valid": 999,
    "invalid_gold_queries": 0,
    "empty_gold_queries": 1,
    "total_tp": 13655,
    "total_fp": 3338,
    "total_fn": 17547,
    "total_exact_match": 355,
    "total_hits_at_1": 392,
    "total_macro_f1": 389.6596726587644,
    "total_macro_precision": 394.46540299223136,
    "total_macro_recall": 392.80220338520064,
    "total_time": 2383.308439016342,
    "total_sparql_calls": 0,
    "total_sparql_time": 0,
    "total_llm_calls": 999,
    "total_llm_time": 2383.308799982071,
    "total_llm_inputs": 135826,
    "total_llm_outputs": 84009,
    "hits_at_1": 0.3923923923923924,
    "exact_match": 0.35535535535535534,
    "f1": 0.39004972238114555,
    "precision": 0.39486026325548684,
    "recall": 0.39319539878398463,
    "average_time_per_question": 2.385694133149492,
    "average_sparql_calls_per_question": 0.0,
    "average_sparql_time_per_question": 0.0,
    "average_llm_calls_per_question": 1.0,
    "average_llm_time_per_question": 2.3856944944765477,
    "average_llm_inputs_per_question": 135.96196196196198,
    "average_llm_outputs_per_question": 84.09309309309309
}