{
    "total": 1000,
    "total_valid": 999,
    "invalid_gold_queries": 0,
    "empty_gold_queries": 1,
    "total_tp": 11337,
    "total_fp": 2101,
    "total_fn": 18291,
    "total_exact_match": 322,
    "total_hits_at_1": 356,
    "total_macro_f1": 360.5236327396965,
    "total_macro_precision": 367.77760498279474,
    "total_macro_recall": 363.188689416072,
    "total_time": 2378.345487833023,
    "total_sparql_calls": 0,
    "total_sparql_time": 0,
    "total_llm_calls": 999,
    "total_llm_time": 2378.345827817917,
    "total_llm_inputs": 135826,
    "total_llm_outputs": 83768,
    "hits_at_1": 0.3563563563563564,
    "exact_match": 0.32232232232232233,
    "f1": 0.3608845172569535,
    "precision": 0.3681457507335283,
    "recall": 0.36355224165772976,
    "average_time_per_question": 2.38072621404707,
    "average_sparql_calls_per_question": 0.0,
    "average_sparql_time_per_question": 0.0,
    "average_llm_calls_per_question": 1.0,
    "average_llm_time_per_question": 2.380726554372289,
    "average_llm_inputs_per_question": 135.96196196196198,
    "average_llm_outputs_per_question": 83.85185185185185
}