{
    "total": 150,
    "total_valid": 142,
    "invalid_gold_queries": 0,
    "empty_gold_queries": 8,
    "total_tp": 379,
    "total_fp": 161561,
    "total_fn": 4065,
    "total_exact_match": 12,
    "total_hits_at_1": 14,
    "total_macro_f1": 12.904011998819987,
    "total_macro_precision": 13.666679045815227,
    "total_macro_recall": 13.620192307692307,
    "total_time": 300.37120294570923,
    "total_sparql_calls": 0,
    "total_sparql_time": 0,
    "total_llm_calls": 142,
    "total_llm_time": 300.3712558746338,
    "total_llm_inputs": 17007,
    "total_llm_outputs": 10650,
    "hits_at_1": 0.09859154929577464,
    "exact_match": 0.08450704225352113,
    "f1": 0.09087332393535202,
    "precision": 0.0962442186325016,
    "recall": 0.09591684723726976,
    "average_time_per_question": 2.1152901615895017,
    "average_sparql_calls_per_question": 0.0,
    "average_sparql_time_per_question": 0.0,
    "average_llm_calls_per_question": 1.0,
    "average_llm_time_per_question": 2.1152905343284067,
    "average_llm_inputs_per_question": 119.76760563380282,
    "average_llm_outputs_per_question": 75.0
}