{
    "total": 1639,
    "total_valid": 1616,
    "invalid_gold_queries": 0,
    "empty_gold_queries": 23,
    "total_tp": 10739,
    "total_fp": 1023,
    "total_fn": 2687,
    "total_exact_match": 1088,
    "total_hits_at_1": 1137,
    "total_macro_f1": 1135.0624833486872,
    "total_macro_precision": 1135.4862453485423,
    "total_macro_recall": 1168.3747231450723,
    "total_time": 5815.398836612701,
    "total_sparql_calls": 0,
    "total_sparql_time": 0,
    "total_llm_calls": 1616,
    "total_llm_time": 5815.399509191513,
    "total_llm_inputs": 197231,
    "total_llm_outputs": 202973,
    "hits_at_1": 0.7035891089108911,
    "exact_match": 0.6732673267326733,
    "f1": 0.7023901505870589,
    "precision": 0.7026523795473653,
    "recall": 0.7230041603620496,
    "average_time_per_question": 3.5986378939435033,
    "average_sparql_calls_per_question": 0.0,
    "average_sparql_time_per_question": 0.0,
    "average_llm_calls_per_question": 1.0,
    "average_llm_time_per_question": 3.598638310143263,
    "average_llm_inputs_per_question": 122.04888613861387,
    "average_llm_outputs_per_question": 125.60210396039604
}