{
    "total": 394,
    "total_valid": 393,
    "invalid_gold_queries": 0,
    "empty_gold_queries": 1,
    "total_tp": 612,
    "total_fp": 48,
    "total_fn": 37,
    "total_exact_match": 272,
    "total_macro_f1": 283.9246095871793,
    "total_macro_precision": 283.9246702436843,
    "total_macro_recall": 288.7539682539682,
    "total_hits_at_1": 284,
    "total_hits": 293,
    "total_lax_hits": 297,
    "total_laxxer_hits": 302,
    "total_time": 10035.718164205551,
    "total_sparql_calls": 10003,
    "total_sparql_time": 983.4085812568665,
    "total_llm_calls": 2092,
    "total_llm_time": 7647.551128864288,
    "total_llm_inputs": 11286176,
    "total_llm_outputs": 487301,
    "exact_match": 0.6921119592875318,
    "f1": 0.7224544773210669,
    "precision": 0.7224546316633189,
    "recall": 0.7347429217658223,
    "hits_at_1": 0.72264631043257,
    "hits": 0.7455470737913485,
    "lax_hits": 0.7557251908396947,
    "laxxer_hits": 0.7684478371501272,
    "average_time_per_question": 25.536178534874175,
    "average_sparql_calls_per_question": 25.452926208651398,
    "average_sparql_time_per_question": 2.50231191159508,
    "average_llm_calls_per_question": 5.323155216284987,
    "average_llm_time_per_question": 19.459417630697935,
    "average_llm_inputs_per_question": 28718.005089058523,
    "average_llm_outputs_per_question": 1239.9516539440203
}