{
    "total": 150,
    "total_valid": 144,
    "invalid_gold_queries": 0,
    "empty_gold_queries": 6,
    "total_tp": 2818,
    "total_fp": 170,
    "total_fn": 1520,
    "total_exact_match": 73,
    "total_macro_f1": 90.41532204602818,
    "total_macro_precision": 95.30816100806415,
    "total_macro_recall": 94.70603951631037,
    "total_hits_at_1": 98,
    "total_hits": 107,
    "total_lax_hits": 108,
    "total_laxxer_hits": 109,
    "total_time": 4733.873599529266,
    "total_sparql_calls": 1717,
    "total_sparql_time": 404.58785009384155,
    "total_llm_calls": 866,
    "total_llm_time": 3739.4025444984436,
    "total_llm_inputs": 4576207,
    "total_llm_outputs": 215147,
    "exact_match": 0.5069444444444444,
    "f1": 0.6278841808751957,
    "precision": 0.6618622292226677,
    "recall": 0.6576808299743776,
    "hits_at_1": 0.6805555555555556,
    "hits": 0.7430555555555556,
    "lax_hits": 0.75,
    "laxxer_hits": 0.7569444444444444,
    "average_time_per_question": 32.87412221895324,
    "average_sparql_calls_per_question": 11.92361111111111,
    "average_sparql_time_per_question": 2.8096378478738995,
    "average_llm_calls_per_question": 6.013888888888889,
    "average_llm_time_per_question": 25.968073225683636,
    "average_llm_inputs_per_question": 31779.215277777777,
    "average_llm_outputs_per_question": 1494.076388888889
}