{
    "total": 300,
    "total_valid": 263,
    "invalid_gold_queries": 0,
    "empty_gold_queries": 37,
    "total_tp": 308,
    "total_fp": 25100,
    "total_fn": 75,
    "total_exact_match": 145,
    "total_macro_f1": 165.00715776583087,
    "total_macro_precision": 164.85077859725757,
    "total_macro_recall": 177.01022408963584,
    "total_hits_at_1": 163,
    "total_hits": 183,
    "total_lax_hits": 184,
    "total_laxxer_hits": 193,
    "total_time": 13905.375883340836,
    "total_sparql_calls": 4797,
    "total_sparql_time": 2333.854892015457,
    "total_llm_calls": 2337,
    "total_llm_time": 10171.541398525238,
    "total_llm_inputs": 13746282,
    "total_llm_outputs": 563946,
    "exact_match": 0.5513307984790875,
    "f1": 0.6274036416951744,
    "precision": 0.6268090440960364,
    "recall": 0.6730426771469044,
    "hits_at_1": 0.6197718631178707,
    "hits": 0.6958174904942965,
    "lax_hits": 0.6996197718631179,
    "laxxer_hits": 0.7338403041825095,
    "average_time_per_question": 52.872151647683786,
    "average_sparql_calls_per_question": 18.23954372623574,
    "average_sparql_time_per_question": 8.873972973442802,
    "average_llm_calls_per_question": 8.885931558935361,
    "average_llm_time_per_question": 38.675062351806986,
    "average_llm_inputs_per_question": 52267.231939163496,
    "average_llm_outputs_per_question": 2144.2813688212927
}